hour,dollar
0,0.04148
1,0.04148
2,0.04148
3,0.04148
4,0.04148
5,0.04148
6,0.04148
7,0.04148
8,0.04148
9,0.04148
10,0.05545
11,0.05545
12,0.05545
1,0.06177
2,0.06177
3,0.06177
4,0.06177
5,0.06177
6,0.05402
7,0.05402
8,0.05402
9,0.04148
10,0.04148
11,0.04148
